{"cameraMode":{"drawMode":0,"name":"Shaded","section":"Shading Mode"},"sceneLighting":false,"audioPlay":false,"sceneViewState":{"showFog":true,"showMaterialUpdate":false,"showSkybox":false,"showFlares":true,"showImageEffects":true,"showParticleSystems":true},"in2DMode":false,"pivot":{"x":1.1585086584091187,"y":0.9595363736152649,"z":-1.509625792503357},"rotation":{"x":-0.03743622824549675,"y":0.9566446542739868,"z":-0.14256282150745393,"w":-0.25120803713798525},"size":5.242595672607422,"orthographic":false}