{"cameraMode":{"drawMode":2,"name":"Shaded Wireframe","section":"Shading Mode"},"sceneLighting":true,"audioPlay":false,"sceneViewState":{"showFog":true,"showMaterialUpdate":false,"showSkybox":true,"showFlares":true,"showImageEffects":true,"showParticleSystems":true},"in2DMode":false,"pivot":{"x":0.6925716400146484,"y":-2.9214296340942385,"z":-4.276308059692383},"rotation":{"x":-0.12678782641887666,"y":0.8347195982933044,"z":-0.21575067937374116,"w":-0.4905301630496979},"size":43.16120147705078,"orthographic":false}