{"cameraMode":{"drawMode":0,"name":"Shaded","section":"Shading Mode"},"sceneLighting":false,"audioPlay":false,"sceneViewState":{"showFog":true,"showMaterialUpdate":false,"showSkybox":true,"showFlares":true,"showImageEffects":true,"showParticleSystems":true},"in2DMode":false,"pivot":{"x":281.7247314453125,"y":-2.91839599609375,"z":275.14166259765627},"rotation":{"x":0.3920798897743225,"y":-0.329720675945282,"z":0.15297578275203706,"w":0.8450775146484375},"size":343.23724365234377,"orthographic":false}