{"cameraMode":{"drawMode":0,"name":"Shaded","section":"Shading Mode"},"sceneLighting":false,"audioPlay":false,"sceneViewState":{"showFog":true,"showMaterialUpdate":false,"showSkybox":true,"showFlares":true,"showImageEffects":true,"showParticleSystems":true},"in2DMode":false,"pivot":{"x":156.76654052734376,"y":6.916255950927734,"z":277.4093933105469},"rotation":{"x":0.08033179491758347,"y":-0.6718639731407166,"z":0.07367174327373505,"w":0.7326105237007141},"size":4.021740436553955,"orthographic":false}