{"cameraMode":{"drawMode":0,"name":"Shaded","section":"Shading Mode"},"sceneLighting":false,"audioPlay":false,"sceneViewState":{"showFog":true,"showMaterialUpdate":false,"showSkybox":true,"showFlares":true,"showImageEffects":true,"showParticleSystems":true},"in2DMode":false,"pivot":{"x":185.73928833007813,"y":220.03543090820313,"z":110.9262924194336},"rotation":{"x":0.13116730749607087,"y":0.8201854825019836,"z":-0.20831891894340516,"w":0.5164244174957275},"size":3.157883644104004,"orthographic":false}