{"cameraMode":{"drawMode":0,"name":"Shaded","section":"Shading Mode"},"sceneLighting":false,"audioPlay":false,"sceneViewState":{"showFog":true,"showMaterialUpdate":false,"showSkybox":true,"showFlares":true,"showImageEffects":true,"showParticleSystems":true},"in2DMode":false,"pivot":{"x":-2311.529052734375,"y":-986.9667358398438,"z":3174.929443359375},"rotation":{"x":-0.12070579826831818,"y":0.34350526332855227,"z":-0.04457062482833862,"w":-0.9302944540977478},"size":4349.38818359375,"orthographic":false}