{"cameraMode":{"drawMode":0,"name":"Shaded","section":"Shading Mode"},"sceneLighting":false,"audioPlay":false,"sceneViewState":{"showFog":true,"showMaterialUpdate":true,"showSkybox":true,"showFlares":true,"showImageEffects":true,"showParticleSystems":true},"in2DMode":false,"pivot":{"x":17.018634796142579,"y":-317.2036437988281,"z":-970.970947265625},"rotation":{"x":-0.003567796666175127,"y":0.9918842315673828,"z":-0.1238400787115097,"w":-0.028574738651514055},"size":1315.7554931640625,"orthographic":false}