{"cameraMode":{"drawMode":0,"name":"Shaded","section":"Shading Mode"},"sceneLighting":true,"audioPlay":false,"sceneViewState":{"showFog":true,"showMaterialUpdate":true,"showSkybox":true,"showFlares":true,"showImageEffects":true,"showParticleSystems":true},"in2DMode":false,"pivot":{"x":393.4720458984375,"y":44.436588287353519,"z":382.7237854003906},"rotation":{"x":0.028684621676802636,"y":-0.8320977687835693,"z":0.04322396218776703,"w":0.5521976947784424},"size":-2.722426652908325,"orthographic":false}