{"cameraMode":{"drawMode":0,"name":"Shaded","section":"Shading Mode"},"sceneLighting":true,"audioPlay":false,"sceneViewState":{"showFog":true,"showMaterialUpdate":true,"showSkybox":true,"showFlares":true,"showImageEffects":true,"showParticleSystems":true},"in2DMode":false,"pivot":{"x":452.17926025390627,"y":285.8208923339844,"z":-27.88800048828125},"rotation":{"x":0.055778730660676959,"y":0.009609955362975598,"z":-0.0005368223646655679,"w":0.9983968138694763},"size":395.9852600097656,"orthographic":false}