{"cameraMode":{"drawMode":0,"name":"Shaded","section":"Shading Mode"},"sceneLighting":false,"audioPlay":false,"sceneViewState":{"showFog":true,"showMaterialUpdate":true,"showSkybox":true,"showFlares":true,"showImageEffects":true,"showParticleSystems":true},"in2DMode":false,"pivot":{"x":127.6478271484375,"y":-96.3211669921875,"z":265.12640380859377},"rotation":{"x":0.2056126892566681,"y":-0.671339213848114,"z":0.2021767646074295,"w":0.6827530264854431},"size":630.172119140625,"orthographic":false}