{"cameraMode":{"drawMode":0,"name":"Shaded","section":"Shading Mode"},"sceneLighting":true,"audioPlay":false,"sceneViewState":{"showFog":true,"showMaterialUpdate":true,"showSkybox":true,"showFlares":true,"showImageEffects":true,"showParticleSystems":true},"in2DMode":false,"pivot":{"x":131.0068359375,"y":-239.36654663085938,"z":94.78125},"rotation":{"x":-0.12898361682891847,"y":0.8708085417747498,"z":-0.3251028060913086,"w":-0.34549084305763247},"size":663.047119140625,"orthographic":false}