{"cameraMode":{"drawMode":0,"name":"Shaded","section":"Shading Mode"},"sceneLighting":false,"audioPlay":false,"sceneViewState":{"showFog":true,"showMaterialUpdate":true,"showSkybox":true,"showFlares":true,"showImageEffects":true,"showParticleSystems":true},"in2DMode":false,"pivot":{"x":-948.8641357421875,"y":31.323081970214845,"z":-623.8174438476563},"rotation":{"x":0.0018357479711994529,"y":0.9122216105461121,"z":0.004084356594830751,"w":-0.4096725583076477},"size":1436.630859375,"orthographic":false}