{"cameraMode":{"drawMode":0,"name":"Shaded","section":"Shading Mode"},"sceneLighting":false,"audioPlay":false,"sceneViewState":{"showFog":true,"showMaterialUpdate":true,"showSkybox":true,"showFlares":true,"showImageEffects":true,"showParticleSystems":true},"in2DMode":false,"pivot":{"x":75.61935424804688,"y":5.3323516845703129,"z":292.36749267578127},"rotation":{"x":0.20245741307735444,"y":-0.32063978910446169,"z":0.07036057114601135,"w":0.9226323962211609},"size":60.30269241333008,"orthographic":false}