{"cameraMode":{"drawMode":0,"name":"Shaded","section":"Shading Mode"},"sceneLighting":true,"audioPlay":false,"sceneViewState":{"showFog":true,"showMaterialUpdate":true,"showSkybox":true,"showFlares":true,"showImageEffects":true,"showParticleSystems":true},"in2DMode":false,"pivot":{"x":-129.41770935058595,"y":-13.96253776550293,"z":261.3565979003906},"rotation":{"x":0.03767865151166916,"y":-0.7258789539337158,"z":0.039890166372060779,"w":0.6856303215026856},"size":2231.841064453125,"orthographic":false}