{"cameraMode":{"drawMode":0,"name":"Shaded","section":"Shading Mode"},"sceneLighting":false,"audioPlay":false,"sceneViewState":{"showFog":true,"showMaterialUpdate":false,"showSkybox":false,"showFlares":true,"showImageEffects":true,"showParticleSystems":true},"in2DMode":false,"pivot":{"x":-17.20379638671875,"y":-6.672590732574463,"z":3.3378796577453615},"rotation":{"x":-0.1604713499546051,"y":0.594870924949646,"z":-0.12269622087478638,"w":-0.778025209903717},"size":32.796939849853519,"orthographic":false}