{"cameraMode":{"drawMode":0,"name":"Shaded","section":"Shading Mode"},"sceneLighting":true,"audioPlay":false,"sceneViewState":{"showFog":true,"showMaterialUpdate":true,"showSkybox":true,"showFlares":true,"showImageEffects":true,"showParticleSystems":true},"in2DMode":false,"pivot":{"x":524.5707397460938,"y":212.88592529296876,"z":-78.661865234375},"rotation":{"x":-0.07039877772331238,"y":-0.03923296928405762,"z":0.002770975697785616,"w":-0.9967432618141174},"size":548.1382446289063,"orthographic":false}