{"cameraMode":{"drawMode":0,"name":"Shaded","section":"Shading Mode"},"sceneLighting":true,"audioPlay":false,"sceneViewState":{"showFog":true,"showMaterialUpdate":true,"showSkybox":true,"showFlares":true,"showImageEffects":true,"showParticleSystems":true},"in2DMode":false,"pivot":{"x":108.03217315673828,"y":5.060528755187988,"z":361.4721374511719},"rotation":{"x":0.1122594103217125,"y":0.01583181694149971,"z":-0.0017886252608150244,"w":0.9935512542724609},"size":42.686683654785159,"orthographic":false}