{"cameraMode":{"drawMode":0,"name":"Shaded","section":"Shading Mode"},"sceneLighting":false,"audioPlay":false,"sceneViewState":{"showFog":true,"showMaterialUpdate":true,"showSkybox":true,"showFlares":true,"showImageEffects":true,"showParticleSystems":true},"in2DMode":false,"pivot":{"x":237.93438720703126,"y":15.482086181640625,"z":314.09393310546877},"rotation":{"x":-0.23136985301971436,"y":0.7127174735069275,"z":-0.27341848611831667,"w":-0.6031121015548706},"size":537.3468627929688,"orthographic":false}