{"cameraMode":{"drawMode":0,"name":"Shaded","section":"Shading Mode"},"sceneLighting":true,"audioPlay":false,"sceneViewState":{"showFog":true,"showMaterialUpdate":true,"showSkybox":true,"showFlares":true,"showImageEffects":true,"showParticleSystems":true},"in2DMode":false,"pivot":{"x":398.6293640136719,"y":-55.655242919921878,"z":296.12493896484377},"rotation":{"x":0.2740074098110199,"y":0.5952116250991821,"z":-0.22629134356975556,"w":0.7207186222076416},"size":437.386962890625,"orthographic":false}