{"cameraMode":{"drawMode":0,"name":"Shaded","section":"Shading Mode"},"sceneLighting":false,"audioPlay":false,"sceneViewState":{"showFog":true,"showMaterialUpdate":true,"showSkybox":true,"showFlares":true,"showImageEffects":true,"showParticleSystems":true},"in2DMode":false,"pivot":{"x":46.53150939941406,"y":-14.0184326171875,"z":345.9245910644531},"rotation":{"x":-0.18221628665924073,"y":0.7939029932022095,"z":-0.2869339883327484,"w":-0.5041667222976685},"size":257.7856140136719,"orthographic":false}