{"cameraMode":{"drawMode":0,"name":"Shaded","section":"Shading Mode"},"sceneLighting":false,"audioPlay":false,"sceneViewState":{"showFog":true,"showMaterialUpdate":true,"showSkybox":true,"showFlares":true,"showImageEffects":true,"showParticleSystems":true},"in2DMode":false,"pivot":{"x":171.67333984375,"y":106.10975646972656,"z":183.48094177246095},"rotation":{"x":-0.3308299779891968,"y":-0.5433811545372009,"z":0.24580134451389314,"w":-0.7313481569290161},"size":210.3948211669922,"orthographic":false}