{"cameraMode":{"drawMode":0,"name":"Shaded","section":"Shading Mode"},"sceneLighting":false,"audioPlay":false,"sceneViewState":{"showFog":true,"showMaterialUpdate":true,"showSkybox":true,"showFlares":true,"showImageEffects":true,"showParticleSystems":true},"in2DMode":false,"pivot":{"x":454.1413879394531,"y":160.29930114746095,"z":548.1450805664063},"rotation":{"x":0.07223522663116455,"y":-0.017956364899873735,"z":0.0013007358647882939,"w":0.9972251653671265},"size":1048.9615478515625,"orthographic":false}