{"cameraMode":{"drawMode":0,"name":"Shaded","section":"Shading Mode"},"sceneLighting":false,"audioPlay":false,"sceneViewState":{"showFog":true,"showMaterialUpdate":true,"showSkybox":true,"showFlares":true,"showImageEffects":true,"showParticleSystems":true},"in2DMode":false,"pivot":{"x":145.4285430908203,"y":-43.681556701660159,"z":422.9142150878906},"rotation":{"x":-0.20272858440876008,"y":0.03965088352560997,"z":-0.008216356858611107,"w":-0.9783974289894104},"size":394.5637512207031,"orthographic":false}