{"cameraMode":{"drawMode":0,"name":"Shaded","section":"Shading Mode"},"sceneLighting":false,"audioPlay":false,"sceneViewState":{"showFog":true,"showMaterialUpdate":true,"showSkybox":true,"showFlares":true,"showImageEffects":true,"showParticleSystems":true},"in2DMode":false,"pivot":{"x":227.93930053710938,"y":57.4273681640625,"z":231.03256225585938},"rotation":{"x":0.016841115429997445,"y":-0.9694762825965881,"z":0.23448625206947328,"w":0.06963111460208893},"size":571.3732299804688,"orthographic":false}