{"cameraMode":{"drawMode":0,"name":"Shaded","section":"Shading Mode"},"sceneLighting":true,"audioPlay":false,"sceneViewState":{"showFog":true,"showMaterialUpdate":true,"showSkybox":true,"showFlares":true,"showImageEffects":true,"showParticleSystems":true},"in2DMode":false,"pivot":{"x":247.21331787109376,"y":50.879241943359378,"z":251.95083618164063},"rotation":{"x":0.1926487237215042,"y":-0.5728427171707153,"z":0.14072999358177186,"w":0.7841765284538269},"size":649.4591674804688,"orthographic":false}