{"cameraMode":{"drawMode":0,"name":"Shaded","section":"Shading Mode"},"sceneLighting":false,"audioPlay":false,"sceneViewState":{"showFog":true,"showMaterialUpdate":true,"showSkybox":true,"showFlares":true,"showImageEffects":true,"showParticleSystems":true},"in2DMode":false,"pivot":{"x":727.0277709960938,"y":375.484619140625,"z":575.6161499023438},"rotation":{"x":0.009304182603955269,"y":0.03448726236820221,"z":-0.0003210380964446813,"w":0.9993617534637451},"size":1007.2514038085938,"orthographic":false}