{"cameraMode":{"drawMode":0,"name":"Shaded","section":"Shading Mode"},"sceneLighting":false,"audioPlay":false,"sceneViewState":{"showFog":true,"showMaterialUpdate":true,"showSkybox":true,"showFlares":true,"showImageEffects":true,"showParticleSystems":true},"in2DMode":false,"pivot":{"x":-47.137664794921878,"y":-333.96490478515627,"z":1409.7669677734375},"rotation":{"x":-0.14889565110206605,"y":0.05696455016732216,"z":-0.00859077088534832,"w":-0.9871734380722046},"size":1223.0623779296875,"orthographic":false}