{"cameraMode":{"drawMode":0,"name":"Shaded","section":"Shading Mode"},"sceneLighting":true,"audioPlay":false,"sceneViewState":{"showFog":true,"showMaterialUpdate":true,"showSkybox":true,"showFlares":true,"showImageEffects":true,"showParticleSystems":true},"in2DMode":false,"pivot":{"x":201.7877655029297,"y":32.61289978027344,"z":159.53659057617188},"rotation":{"x":0.35726049542427065,"y":0.4542931020259857,"z":-0.20550137758255006,"w":0.7897796630859375},"size":66.8874282836914,"orthographic":false}