{"cameraMode":{"drawMode":0,"name":"Shaded","section":"Shading Mode"},"sceneLighting":false,"audioPlay":false,"sceneViewState":{"showFog":true,"showMaterialUpdate":true,"showSkybox":true,"showFlares":true,"showImageEffects":true,"showParticleSystems":true},"in2DMode":false,"pivot":{"x":419.6549377441406,"y":-115.6341552734375,"z":620.3914184570313},"rotation":{"x":-0.20184005796909333,"y":0.09970922768115998,"z":-0.020660772919654847,"w":-0.9741107821464539},"size":1010.5971069335938,"orthographic":false}