{"cameraMode":{"drawMode":0,"name":"Shaded","section":"Shading Mode"},"sceneLighting":true,"audioPlay":false,"sceneViewState":{"showFog":true,"showMaterialUpdate":true,"showSkybox":true,"showFlares":true,"showImageEffects":true,"showParticleSystems":true},"in2DMode":false,"pivot":{"x":91.33319854736328,"y":12.494926452636719,"z":292.3901062011719},"rotation":{"x":-0.17195150256156922,"y":-0.0041554030030965809,"z":0.0007251186179928482,"w":-0.9850964546203613},"size":141.56666564941407,"orthographic":false}