{"cameraMode":{"drawMode":0,"name":"Shaded","section":"Shading Mode"},"sceneLighting":false,"audioPlay":false,"sceneViewState":{"showFog":true,"showMaterialUpdate":true,"showSkybox":true,"showFlares":true,"showImageEffects":true,"showParticleSystems":true},"in2DMode":false,"pivot":{"x":133.30621337890626,"y":-139.78231811523438,"z":249.91558837890626},"rotation":{"x":0.30125269293785097,"y":-0.642228901386261,"z":0.3043248951435089,"w":0.6357477903366089},"size":746.644775390625,"orthographic":false}