{"cameraMode":{"drawMode":0,"name":"Shaded","section":"Shading Mode"},"sceneLighting":true,"audioPlay":false,"sceneViewState":{"showFog":true,"showMaterialUpdate":true,"showSkybox":true,"showFlares":true,"showImageEffects":true,"showParticleSystems":true},"in2DMode":false,"pivot":{"x":234.47132873535157,"y":138.26416015625,"z":211.13543701171876},"rotation":{"x":-0.001845237915404141,"y":0.9867440462112427,"z":-0.16188353300094605,"w":-0.011247393675148487},"size":765.5042114257813,"orthographic":false}