{"cameraMode":{"drawMode":0,"name":"Shaded","section":"Shading Mode"},"sceneLighting":true,"audioPlay":false,"sceneViewState":{"showFog":true,"showMaterialUpdate":false,"showSkybox":true,"showFlares":true,"showImageEffects":true,"showParticleSystems":true},"in2DMode":false,"pivot":{"x":196.0149383544922,"y":25.79808807373047,"z":288.626953125},"rotation":{"x":-0.04285011440515518,"y":0.9453762173652649,"z":-0.2918166518211365,"w":-0.13881932199001313},"size":184.951171875,"orthographic":false}