{"cameraMode":{"drawMode":0,"name":"Shaded","section":"Shading Mode"},"sceneLighting":false,"audioPlay":false,"sceneViewState":{"showFog":true,"showMaterialUpdate":true,"showSkybox":true,"showFlares":true,"showImageEffects":true,"showParticleSystems":true},"in2DMode":false,"pivot":{"x":-21.423131942749025,"y":-1.8482205867767335,"z":299.4526672363281},"rotation":{"x":-0.024272440001368524,"y":0.6458858847618103,"z":-0.020552758127450944,"w":-0.7627712488174439},"size":135.01263427734376,"orthographic":false}