{"cameraMode":{"drawMode":0,"name":"Shaded","section":"Shading Mode"},"sceneLighting":true,"audioPlay":false,"sceneViewState":{"showFog":true,"showMaterialUpdate":true,"showSkybox":true,"showFlares":true,"showImageEffects":true,"showParticleSystems":true},"in2DMode":false,"pivot":{"x":80.42591857910156,"y":-39.07328796386719,"z":275.3197021484375},"rotation":{"x":0.07755466550588608,"y":-0.8165408968925476,"z":0.5607984066009522,"w":0.11292235553264618},"size":191.95135498046876,"orthographic":false}