{"cameraMode":{"drawMode":0,"name":"Shaded","section":"Shading Mode"},"sceneLighting":false,"audioPlay":false,"sceneViewState":{"showFog":true,"showMaterialUpdate":true,"showSkybox":true,"showFlares":true,"showImageEffects":true,"showParticleSystems":true},"in2DMode":false,"pivot":{"x":-1832.03662109375,"y":-463.2552185058594,"z":325.53094482421877},"rotation":{"x":0.08422517031431198,"y":-0.693284809589386,"z":0.08212728053331375,"w":0.7109975218772888},"size":2010.8035888671875,"orthographic":false}