{"cameraMode":{"drawMode":0,"name":"Shaded","section":"Shading Mode"},"sceneLighting":false,"audioPlay":false,"sceneViewState":{"showFog":true,"showMaterialUpdate":true,"showSkybox":true,"showFlares":true,"showImageEffects":true,"showParticleSystems":true},"in2DMode":false,"pivot":{"x":308.685546875,"y":61.50069808959961,"z":210.75991821289063},"rotation":{"x":-0.04302438348531723,"y":0.9564783573150635,"z":-0.2192295342683792,"w":-0.18771392107009889},"size":-2.2831921577453615,"orthographic":false}