{"cameraMode":{"drawMode":0,"name":"Shaded","section":"Shading Mode"},"sceneLighting":true,"audioPlay":false,"sceneViewState":{"showFog":true,"showMaterialUpdate":true,"showSkybox":true,"showFlares":true,"showImageEffects":true,"showParticleSystems":true},"in2DMode":false,"pivot":{"x":259.0779113769531,"y":310.9599304199219,"z":212.57293701171876},"rotation":{"x":-0.0008028734009712935,"y":-0.9970236420631409,"z":0.010480795055627823,"w":-0.07637681066989899},"size":182.9582977294922,"orthographic":false}