{"cameraMode":{"drawMode":0,"name":"Shaded","section":"Shading Mode"},"sceneLighting":false,"audioPlay":false,"sceneViewState":{"showFog":true,"showMaterialUpdate":true,"showSkybox":true,"showFlares":true,"showImageEffects":true,"showParticleSystems":true},"in2DMode":false,"pivot":{"x":300.4930114746094,"y":-71.28041076660156,"z":270.7174072265625},"rotation":{"x":0.11773943901062012,"y":0.7157905101776123,"z":-0.12449271231889725,"w":0.6769660711288452},"size":245.8070068359375,"orthographic":false}