{"cameraMode":{"drawMode":0,"name":"Shaded","section":"Shading Mode"},"sceneLighting":true,"audioPlay":false,"sceneViewState":{"showFog":true,"showMaterialUpdate":false,"showSkybox":true,"showFlares":true,"showImageEffects":true,"showParticleSystems":true},"in2DMode":false,"pivot":{"x":132.02528381347657,"y":63.32011032104492,"z":345.7066650390625},"rotation":{"x":-0.07006587088108063,"y":-0.9209163784980774,"z":0.195707306265831,"w":-0.3297005891799927},"size":80.59386444091797,"orthographic":false}