{"cameraMode":{"drawMode":0,"name":"Shaded","section":"Shading Mode"},"sceneLighting":false,"audioPlay":false,"sceneViewState":{"showFog":true,"showMaterialUpdate":true,"showSkybox":true,"showFlares":true,"showImageEffects":true,"showParticleSystems":true},"in2DMode":false,"pivot":{"x":321.5493469238281,"y":37.60869216918945,"z":257.6466064453125},"rotation":{"x":0.006881618406623602,"y":-0.5757164359092712,"z":0.0048459856770932678,"w":0.8176060914993286},"size":39.5052604675293,"orthographic":false}