{"cameraMode":{"drawMode":0,"name":"Shaded","section":"Shading Mode"},"sceneLighting":false,"audioPlay":false,"sceneViewState":{"showFog":true,"showMaterialUpdate":true,"showSkybox":true,"showFlares":true,"showImageEffects":true,"showParticleSystems":true},"in2DMode":false,"pivot":{"x":231.70120239257813,"y":-37.541534423828128,"z":349.6357727050781},"rotation":{"x":0.3364371955394745,"y":0.31845664978027346,"z":-0.12205751985311508,"w":0.8777797818183899},"size":343.341552734375,"orthographic":false}