{"cameraMode":{"drawMode":0,"name":"Shaded","section":"Shading Mode"},"sceneLighting":false,"audioPlay":false,"sceneViewState":{"showFog":true,"showMaterialUpdate":true,"showSkybox":true,"showFlares":true,"showImageEffects":true,"showParticleSystems":true},"in2DMode":false,"pivot":{"x":101.78980255126953,"y":10.137782096862793,"z":283.0354309082031},"rotation":{"x":-0.3167579472064972,"y":0.5043312311172485,"z":-0.20572611689567567,"w":-0.77652508020401},"size":157.7052001953125,"orthographic":false}