{"cameraMode":{"drawMode":0,"name":"Shaded","section":"Shading Mode"},"sceneLighting":true,"audioPlay":false,"sceneViewState":{"showFog":true,"showMaterialUpdate":true,"showSkybox":true,"showFlares":true,"showImageEffects":true,"showParticleSystems":true},"in2DMode":false,"pivot":{"x":-24.666580200195314,"y":-32.183902740478519,"z":253.01756286621095},"rotation":{"x":0.10110951960086823,"y":-0.7480043172836304,"z":0.11718396842479706,"w":0.6453947424888611},"size":214.46238708496095,"orthographic":false}