{"cameraMode":{"drawMode":0,"name":"Shaded","section":"Shading Mode"},"sceneLighting":false,"audioPlay":false,"sceneViewState":{"showFog":true,"showMaterialUpdate":true,"showSkybox":true,"showFlares":true,"showImageEffects":true,"showParticleSystems":true},"in2DMode":false,"pivot":{"x":94.36797332763672,"y":20.514936447143556,"z":419.44140625},"rotation":{"x":0.07489047944545746,"y":0.03741585090756416,"z":-0.0028111469000577928,"w":0.9964856505393982},"size":180.49766540527345,"orthographic":false}