{"cameraMode":{"drawMode":0,"name":"Shaded","section":"Shading Mode"},"sceneLighting":false,"audioPlay":false,"sceneViewState":{"showFog":true,"showMaterialUpdate":true,"showSkybox":true,"showFlares":true,"showImageEffects":true,"showParticleSystems":true},"in2DMode":false,"pivot":{"x":1087.5101318359375,"y":-584.268310546875,"z":1069.6824951171875},"rotation":{"x":-0.2196614146232605,"y":-0.38419416546821597,"z":0.09463709592819214,"w":-0.8917328715324402},"size":1513.50146484375,"orthographic":false}