{"cameraMode":{"drawMode":0,"name":"Shaded","section":"Shading Mode"},"sceneLighting":false,"audioPlay":false,"sceneViewState":{"showFog":true,"showMaterialUpdate":true,"showSkybox":true,"showFlares":true,"showImageEffects":true,"showParticleSystems":true},"in2DMode":false,"pivot":{"x":60.84418487548828,"y":-36.7191162109375,"z":385.2129211425781},"rotation":{"x":0.4815630614757538,"y":-0.11555825173854828,"z":0.06423085927963257,"w":0.8663819432258606},"size":291.6086730957031,"orthographic":false}