{"cameraMode":{"drawMode":0,"name":"Shaded","section":"Shading Mode"},"sceneLighting":true,"audioPlay":false,"sceneViewState":{"showFog":true,"showMaterialUpdate":true,"showSkybox":true,"showFlares":true,"showImageEffects":true,"showParticleSystems":true},"in2DMode":false,"pivot":{"x":490.2371826171875,"y":-27.73760986328125,"z":721.9373168945313},"rotation":{"x":0.22250697016716004,"y":0.010816354304552079,"z":-0.0024690430145710708,"w":0.9748679995536804},"size":1206.002197265625,"orthographic":false}