{"cameraMode":{"drawMode":0,"name":"Shaded","section":"Shading Mode"},"sceneLighting":false,"audioPlay":false,"sceneViewState":{"showFog":true,"showMaterialUpdate":true,"showSkybox":false,"showFlares":true,"showImageEffects":true,"showParticleSystems":true},"in2DMode":false,"pivot":{"x":71.9710922241211,"y":0.5324509143829346,"z":47.83988952636719},"rotation":{"x":0.10659066587686539,"y":-0.5347957611083984,"z":0.06823181360960007,"w":0.8354498147964478},"size":288.404052734375,"orthographic":false}