{"cameraMode":{"drawMode":0,"name":"Shaded","section":"Shading Mode"},"sceneLighting":true,"audioPlay":false,"sceneViewState":{"showFog":true,"showMaterialUpdate":true,"showSkybox":true,"showFlares":true,"showImageEffects":true,"showParticleSystems":true},"in2DMode":false,"pivot":{"x":429.114501953125,"y":215.1683349609375,"z":523.4341430664063},"rotation":{"x":0.015898415818810464,"y":-0.005403678398579359,"z":0.00008597389387432486,"w":0.999859094619751},"size":1001.2346801757813,"orthographic":false}