{"cameraMode":{"drawMode":0,"name":"Shaded","section":"Shading Mode"},"sceneLighting":false,"audioPlay":false,"sceneViewState":{"showFog":true,"showMaterialUpdate":true,"showSkybox":true,"showFlares":true,"showImageEffects":true,"showParticleSystems":true},"in2DMode":false,"pivot":{"x":102.24279022216797,"y":10.381970405578614,"z":342.0135498046875},"rotation":{"x":-0.19665955007076264,"y":0.02529126964509487,"z":-0.005074906162917614,"w":-0.980132520198822},"size":39.5052604675293,"orthographic":false}