{"cameraMode":{"drawMode":0,"name":"Shaded","section":"Shading Mode"},"sceneLighting":true,"audioPlay":false,"sceneViewState":{"showFog":true,"showMaterialUpdate":true,"showSkybox":true,"showFlares":true,"showImageEffects":true,"showParticleSystems":true},"in2DMode":false,"pivot":{"x":63.84482192993164,"y":-4.812982559204102,"z":334.5591125488281},"rotation":{"x":0.18148173391819,"y":-0.6556829810142517,"z":0.16673293709754945,"w":0.7136836647987366},"size":58.09068298339844,"orthographic":false}