{"cameraMode":{"drawMode":0,"name":"Shaded","section":"Shading Mode"},"sceneLighting":false,"audioPlay":false,"sceneViewState":{"showFog":true,"showMaterialUpdate":true,"showSkybox":true,"showFlares":true,"showImageEffects":true,"showParticleSystems":true},"in2DMode":false,"pivot":{"x":329.6064758300781,"y":44.01576232910156,"z":425.08563232421877},"rotation":{"x":0.10757549852132797,"y":0.3858683705329895,"z":-0.045358337461948398,"w":0.9151370525360107},"size":376.9869384765625,"orthographic":false}