{"cameraMode":{"drawMode":0,"name":"Shaded","section":"Shading Mode"},"sceneLighting":false,"audioPlay":false,"sceneViewState":{"showFog":true,"showMaterialUpdate":true,"showSkybox":true,"showFlares":true,"showImageEffects":true,"showParticleSystems":true},"in2DMode":false,"pivot":{"x":299.4028015136719,"y":128.9159393310547,"z":6.858024597167969},"rotation":{"x":0.24006395041942597,"y":-0.1935356706380844,"z":0.04890670254826546,"w":0.9500112533569336},"size":6.984931468963623,"orthographic":false}