{"cameraMode":{"drawMode":0,"name":"Shaded","section":"Shading Mode"},"sceneLighting":false,"audioPlay":false,"sceneViewState":{"showFog":true,"showMaterialUpdate":true,"showSkybox":true,"showFlares":true,"showImageEffects":true,"showParticleSystems":true},"in2DMode":false,"pivot":{"x":152.26611328125,"y":-117.1807861328125,"z":146.6426239013672},"rotation":{"x":0.1960306167602539,"y":-0.7343617081642151,"z":0.23808595538139344,"w":0.6046486496925354},"size":431.0872497558594,"orthographic":false}