{"cameraMode":{"drawMode":0,"name":"Shaded","section":"Shading Mode"},"sceneLighting":true,"audioPlay":false,"sceneViewState":{"showFog":true,"showMaterialUpdate":true,"showSkybox":true,"showFlares":true,"showImageEffects":true,"showParticleSystems":true},"in2DMode":false,"pivot":{"x":370.83837890625,"y":174.12591552734376,"z":283.4156494140625},"rotation":{"x":0.07579351216554642,"y":-0.029315723106265069,"z":0.0022294307127594949,"w":0.996690034866333},"size":1058.09765625,"orthographic":false}