{"cameraMode":{"drawMode":0,"name":"Shaded","section":"Shading Mode"},"sceneLighting":false,"audioPlay":false,"sceneViewState":{"showFog":true,"showMaterialUpdate":true,"showSkybox":true,"showFlares":true,"showImageEffects":true,"showParticleSystems":true},"in2DMode":false,"pivot":{"x":450.8543701171875,"y":148.81790161132813,"z":438.9688720703125},"rotation":{"x":-0.10362137854099274,"y":0.006874674931168556,"z":-0.000716267095413059,"w":-0.9945927858352661},"size":833.8870239257813,"orthographic":false}