{"cameraMode":{"drawMode":0,"name":"Shaded","section":"Shading Mode"},"sceneLighting":true,"audioPlay":false,"sceneViewState":{"showFog":true,"showMaterialUpdate":true,"showSkybox":true,"showFlares":true,"showImageEffects":true,"showParticleSystems":true},"in2DMode":false,"pivot":{"x":139.00381469726563,"y":68.37384796142578,"z":231.74847412109376},"rotation":{"x":-0.40665403008461,"y":-0.009047303348779679,"z":0.004027248360216618,"w":-0.9135286211967468},"size":10.102956771850586,"orthographic":false}