{"cameraMode":{"drawMode":0,"name":"Shaded","section":"Shading Mode"},"sceneLighting":true,"audioPlay":false,"sceneViewState":{"showFog":true,"showMaterialUpdate":true,"showSkybox":true,"showFlares":true,"showImageEffects":true,"showParticleSystems":true},"in2DMode":false,"pivot":{"x":412.7919921875,"y":163.70062255859376,"z":156.09951782226563},"rotation":{"x":0.11016371846199036,"y":-0.01431659422814846,"z":0.0015871269861236215,"w":0.9938090443611145},"size":271.8286437988281,"orthographic":true}