{"cameraMode":{"drawMode":0,"name":"Shaded","section":"Shading Mode"},"sceneLighting":true,"audioPlay":false,"sceneViewState":{"showFog":true,"showMaterialUpdate":true,"showSkybox":true,"showFlares":true,"showImageEffects":true,"showParticleSystems":true},"in2DMode":false,"pivot":{"x":47.604251861572269,"y":-63.26087951660156,"z":668.2686767578125},"rotation":{"x":-0.13888293504714967,"y":0.05076214298605919,"z":-0.0071283383294939999,"w":-0.988981306552887},"size":416.5481872558594,"orthographic":false}