{"cameraMode":{"drawMode":0,"name":"Shaded","section":"Shading Mode"},"sceneLighting":true,"audioPlay":false,"sceneViewState":{"showFog":true,"showMaterialUpdate":true,"showSkybox":true,"showFlares":true,"showImageEffects":true,"showParticleSystems":true},"in2DMode":false,"pivot":{"x":-89.057373046875,"y":-150.81663513183595,"z":262.5712585449219},"rotation":{"x":0.15756307542324067,"y":-0.7085159420967102,"z":0.16731426119804383,"w":0.6672219038009644},"size":1536.5238037109375,"orthographic":false}